step,loss
0,0.6278976
100,0.6387595
200,0.6167715
300,0.47197872
400,0.43725055
500,0.5282295
600,0.5233823
700,0.5525939
800,0.5607258
